Dataset,Class,Method,DTW,ShapeDTW,SoftDTW,KDTW,MSM,SBD
ArticularyWordRecognition,1.0,DBA,44.86583076420356,2330.863165316615,1975.51481158402,0.0,1241.491894430405,0.8659131312023313
ArticularyWordRecognition,1.0,Shape-DBA,15.703665855162754,326.4373182106377,157.52610009432547,4.2636664572028955e-55,438.2345512878569,0.1193375380696101
ArticularyWordRecognition,1.0,Soft-DBA,45.08121811192255,2329.248819972366,1994.9524460822784,0.0,1239.7016501169253,0.8599771872592351
ArticularyWordRecognition,1.0,TEKA,44.11682683377328,2273.908571616779,1912.0656907582477,0.0,1224.31513454345,0.8634194883551113
ArticularyWordRecognition,10.0,DBA,42.04841754903965,2024.4138347255755,1731.8684067197432,0.0,1160.6445951114742,0.8445887555757411
ArticularyWordRecognition,10.0,Shape-DBA,24.1013310710915,617.7233820402306,511.7542304114064,1.3789278137953515e-220,610.3394823785754,0.2619235783198584
ArticularyWordRecognition,10.0,Soft-DBA,42.43860598062032,2063.55457455733,1765.5138433542636,0.0,1163.8362212318948,0.8295632771223752
ArticularyWordRecognition,10.0,TEKA,40.93532164481571,1908.8028281412328,1634.812614731792,0.0,1128.1894986924233,0.8410090522499157
ArticularyWordRecognition,11.0,DBA,45.87542674178624,2390.475929380901,2082.452441351057,0.0,1239.207576144299,0.8661602632122907
ArticularyWordRecognition,11.0,Shape-DBA,13.783333958534234,205.84226432974225,53.660713670102666,1.0948617926939244e-68,374.24983191931386,0.0959928051547208
ArticularyWordRecognition,11.0,Soft-DBA,45.94120993762001,2391.0272360212334,2087.927392423296,0.0,1230.9660552531482,0.865624196729888
ArticularyWordRecognition,11.0,TEKA,43.802960994211226,2195.651169976826,1893.251813014916,0.0,1194.6505171711112,0.8711578312089597
ArticularyWordRecognition,12.0,DBA,43.16201496915444,2084.538855191083,1839.1138769333336,0.0,1179.3617987830762,0.8937509397088058
ArticularyWordRecognition,12.0,Shape-DBA,23.906517723970538,610.2657973547031,516.4482614701141,8.190568046257619e-193,632.9570708804174,0.2524126115001781
ArticularyWordRecognition,12.0,Soft-DBA,43.32579812108289,2105.572677251909,1853.395876487985,0.0,1173.039775831809,0.8829192177205377
ArticularyWordRecognition,12.0,TEKA,42.13179301131065,1982.3972829554616,1748.6755485001124,0.0,1149.5643424116197,0.8897916343432274
ArticularyWordRecognition,13.0,DBA,46.491228615234505,2302.253542446528,2137.642617689536,0.0,1256.2137112011849,0.859384596636232
ArticularyWordRecognition,13.0,Shape-DBA,17.62555484076118,340.8269354147149,208.47102625447155,6.2604980173832634e-83,462.50541541359866,0.1293916451399686
ArticularyWordRecognition,13.0,Soft-DBA,46.84103415200027,2348.5380677015214,2170.7795256131008,0.0,1257.7289848056266,0.8462812817849837
ArticularyWordRecognition,13.0,TEKA,45.37612087470489,2182.068141798408,2033.9791296596316,0.0,1215.4686187625127,0.8696772750531151
ArticularyWordRecognition,14.0,DBA,44.97900588273141,2250.3462157445374,1995.67434693579,0.0,1228.731823523579,0.8531565784681456
ArticularyWordRecognition,14.0,Shape-DBA,17.31646507606211,341.1596830567394,201.2719543017343,1.1448054137289414e-84,503.2506571350781,0.1536489423008313
ArticularyWordRecognition,14.0,Soft-DBA,44.68565618113706,2225.309399869404,1970.052828151595,0.0,1221.2274629548915,0.8395735396568135
ArticularyWordRecognition,14.0,TEKA,43.42764541704382,2091.8628257941477,1856.2721066357944,0.0,1183.2729152571408,0.8541182967935945
ArticularyWordRecognition,15.0,DBA,43.62101292683632,2196.951010857721,1873.4090880898689,0.0,1201.2808698672186,0.8505324661625798
ArticularyWordRecognition,15.0,Shape-DBA,20.91690404709885,465.5359340162126,357.81242602164883,9.86813072938694e-159,562.1440083937847,0.2031008694684461
ArticularyWordRecognition,15.0,Soft-DBA,44.21597320606301,2285.301973783671,1928.485409767988,0.0,1225.2175235275167,0.8277078533305398
ArticularyWordRecognition,15.0,TEKA,42.80237427020493,2095.9609243705268,1799.4182396687854,0.0,1173.1997537963666,0.8495013086636346
ArticularyWordRecognition,16.0,DBA,38.68474605855621,2153.6474979404798,1462.6725337606065,0.0,1173.2300188005072,0.8929680507052469
ArticularyWordRecognition,16.0,Shape-DBA,19.97890559940185,446.9682512777965,313.22215788140454,1.4269274012295504e-139,615.7255792913825,0.2337972998075399
ArticularyWordRecognition,16.0,Soft-DBA,38.9323911598692,2169.51745215562,1479.5501761521552,0.0,1170.7539916730036,0.8958176722390737
ArticularyWordRecognition,16.0,TEKA,36.996710124191694,1995.03088221962,1329.848122470598,0.0,1126.9942079954687,0.8846571931773805
ArticularyWordRecognition,17.0,DBA,44.70119056796257,2172.647141825761,1958.7107204570511,0.0,1156.6548951139462,0.8272542318999809
ArticularyWordRecognition,17.0,Shape-DBA,20.40805987896568,456.7079069116955,323.7406497806235,2.948694626178151e-128,578.2357140783316,0.1966160639352505
ArticularyWordRecognition,17.0,Soft-DBA,44.71488554218741,2174.524256675173,1960.5466497189784,0.0,1152.5520840501958,0.807639856875998
ArticularyWordRecognition,17.0,TEKA,43.82897335171528,2078.910714846768,1879.7773098921857,0.0,1122.9387356521752,0.8359636184814889
ArticularyWordRecognition,18.0,DBA,46.96462452267504,2400.746705191028,2176.365122415232,0.0,1241.690863136865,0.8665449909916759
ArticularyWordRecognition,18.0,Shape-DBA,15.455661020994937,264.6950980246093,112.00199701886314,2.23283825213473e-79,485.5891643165904,0.1374918037348695
ArticularyWordRecognition,18.0,Soft-DBA,48.11881965516972,2500.32112389121,2285.68468270418,0.0,1243.3534480829403,0.8801613395362129
ArticularyWordRecognition,18.0,TEKA,45.80497577480926,2256.149426498141,2066.967756923112,0.0,1195.1671114470007,0.8769757802513104
ArticularyWordRecognition,19.0,DBA,43.42660091737385,2158.412416560087,1860.631741046416,0.0,1186.946904116846,0.8712201538626093
ArticularyWordRecognition,19.0,Shape-DBA,20.051992930960065,443.8022870097536,316.02812469524764,3.6693134572085764e-159,546.4777588253191,0.1989629297131253
ArticularyWordRecognition,19.0,Soft-DBA,43.72543955502584,2180.1505708647564,1886.0269604442956,0.0,1190.6404903110845,0.8613454015241355
ArticularyWordRecognition,19.0,TEKA,41.51298860287415,2011.223290029457,1694.865838966804,0.0,1138.2618630621414,0.8580713872704259
ArticularyWordRecognition,2.0,DBA,44.95644096364324,2348.848280880757,1994.4223858105745,0.0,1265.3171085110507,0.8580257299428652
ArticularyWordRecognition,2.0,Shape-DBA,14.487445740214044,226.6325715785705,72.18437284672953,2.1127017096131054e-76,414.4787065770195,0.1393624217408473
ArticularyWordRecognition,2.0,Soft-DBA,45.03683656380106,2355.772431251061,2002.5488162828608,0.0,1264.8643687949482,0.845311679054687
ArticularyWordRecognition,2.0,TEKA,43.06660238738062,2204.6642333990576,1823.0664158649693,0.0,1223.645971034657,0.8480338799260584
ArticularyWordRecognition,20.0,DBA,44.837109987242,2224.360611353042,1987.462556871542,0.0,1184.344881476026,0.8695719973009526
ArticularyWordRecognition,20.0,Shape-DBA,21.17385704333902,485.6095136893265,369.6775007768494,3.384520911455154e-175,562.1454077297567,0.2084921508790281
ArticularyWordRecognition,20.0,Soft-DBA,45.26757728242585,2252.7409855142555,2026.0082121433195,0.0,1187.2674991053093,0.8685234983442297
ArticularyWordRecognition,20.0,TEKA,43.47103975273208,2067.982680675728,1863.1187505630996,0.0,1149.1377025714255,0.8673971192722538
ArticularyWordRecognition,21.0,DBA,43.47030260574928,2118.7416592474124,1859.2540579809704,0.0,1186.8785857978455,0.8683018148547457
ArticularyWordRecognition,21.0,Shape-DBA,20.916508191753376,471.0625618064016,345.66733829564384,9.573240090090493e-150,547.4096600773292,0.214124367693136
ArticularyWordRecognition,21.0,Soft-DBA,43.45768574269734,2123.416683950948,1856.360764527376,0.0,1182.5333094198495,0.8625056262499986
ArticularyWordRecognition,21.0,TEKA,42.2863819577076,2009.004183484133,1754.3316591733833,0.0,1154.0817492309995,0.8658347184915296
ArticularyWordRecognition,22.0,DBA,45.09746156597294,2403.221163203383,2001.84687856298,0.0,1246.7315545596634,0.8856030525966279
ArticularyWordRecognition,22.0,Shape-DBA,17.25125241502926,323.7994513100883,192.50884150671385,9.337205067662132e-86,452.7745486852048,0.1177534106309558
ArticularyWordRecognition,22.0,Soft-DBA,45.73747219870928,2453.476225950501,2059.1641808567542,0.0,1250.318173327718,0.8682361208562166
ArticularyWordRecognition,22.0,TEKA,43.61369001541671,2264.8804558655743,1866.3352194581807,0.0,1217.2288381211015,0.8750590649285577
ArticularyWordRecognition,23.0,DBA,44.0321212371892,2358.8306031544303,1914.4442983574925,0.0,1253.5803398883445,0.9096111668221228
ArticularyWordRecognition,23.0,Shape-DBA,14.48162267879179,239.76225413689613,82.11617370486894,7.893082439962719e-74,370.2096384218643,0.0964440274537551
ArticularyWordRecognition,23.0,Soft-DBA,44.07520962361765,2394.679222755107,1915.5802735279688,0.0,1257.1193982191555,0.905033150544448
ArticularyWordRecognition,23.0,TEKA,42.78832742039072,2241.695732301681,1806.515293232616,0.0,1222.6701480121503,0.909658448258771
ArticularyWordRecognition,24.0,DBA,44.42107232650992,2324.241313807041,1941.3209996731152,0.0,1243.9939052406264,0.8805137142449027
ArticularyWordRecognition,24.0,Shape-DBA,13.819578070957052,210.64907415553895,56.712496997143134,5.4571646558590666e-58,372.3914131616853,0.0959354159113071
ArticularyWordRecognition,24.0,Soft-DBA,44.54961885201191,2364.6306932375187,1952.6157050498264,0.0,1247.9589595083976,0.8831245800855843
ArticularyWordRecognition,24.0,TEKA,42.81029713401011,2172.3616726664136,1796.17139361161,0.0,1213.1135595488286,0.8692223587999532
ArticularyWordRecognition,25.0,DBA,46.62661220271192,2355.9226678340297,2143.638278336391,0.0,1222.930685672388,0.8663569585306145
ArticularyWordRecognition,25.0,Shape-DBA,11.512336706120491,146.6821336298789,-31.37376960758776,1.6735485959735647e-39,307.61882919351774,0.0680777139702335
ArticularyWordRecognition,25.0,Soft-DBA,46.398833430190486,2338.984678351903,2122.553326119695,0.0,1213.6373766483823,0.868528697723183
ArticularyWordRecognition,25.0,TEKA,45.46334749931349,2258.029747205775,2035.0647325711848,0.0,1197.3257555946443,0.8641269354603878
ArticularyWordRecognition,3.0,DBA,44.22190413586784,2274.9512240656422,1923.1499963333813,0.0,1250.0978243060383,0.882535025231752
ArticularyWordRecognition,3.0,Shape-DBA,15.064299007819576,249.6096081972174,99.34559972961895,3.823823346245721e-59,392.4684172532236,0.0984594380589795
ArticularyWordRecognition,3.0,Soft-DBA,44.29788193618786,2267.428595722413,1928.7175193765356,0.0,1241.0422576105263,0.8773932444653125
ArticularyWordRecognition,3.0,TEKA,43.14189623417804,2142.9524341820525,1826.86760816642,0.0,1218.2061514455424,0.8773720340100952
ArticularyWordRecognition,4.0,DBA,45.00980348359203,2174.48821526564,2005.7966814961192,0.0,1208.6643462074164,0.8886595802954139
ArticularyWordRecognition,4.0,Shape-DBA,20.458470965842046,440.86637703521086,333.59666517268033,1.432014347382597e-169,513.9163516663425,0.1813047889966031
ArticularyWordRecognition,4.0,Soft-DBA,45.27401658368921,2218.844005153421,2028.622891018544,0.0,1204.8191092911668,0.8682125167475835
ArticularyWordRecognition,4.0,TEKA,43.98044283109803,2073.0299516220407,1910.9812106247864,0.0,1178.3087612164134,0.8932854856718287
ArticularyWordRecognition,5.0,DBA,47.17446653667849,2342.372068257388,2203.931197649765,0.0,1246.4116534644666,0.8827302369279412
ArticularyWordRecognition,5.0,Shape-DBA,17.6119726632924,324.55395294939257,198.51647617064472,2.7390460291013812e-111,457.1167203242997,0.1457753783550618
ArticularyWordRecognition,5.0,Soft-DBA,47.44471664829173,2360.568627900624,2229.694315863623,0.0,1244.4579103360063,0.8764207206097083
ArticularyWordRecognition,5.0,TEKA,46.00688204335814,2222.8875959429565,2094.5162495708805,0.0,1208.425984971627,0.8847722754452879
ArticularyWordRecognition,6.0,DBA,46.55751391755456,2524.377858495744,2143.6365423080474,0.0,1272.1158722635578,0.8863853561190591
ArticularyWordRecognition,6.0,Shape-DBA,11.100901103006288,137.74610661591035,-39.41805598516475,1.3340023140910725e-42,316.08215943507645,0.0725206254821963
ArticularyWordRecognition,6.0,Soft-DBA,46.75361218253266,2506.4676434577896,2161.299835839957,0.0,1262.6494373466144,0.9048612341306008
ArticularyWordRecognition,6.0,TEKA,45.06639288973351,2347.650625868044,2000.975532290344,0.0,1237.749931767652,0.8959218833958922
ArticularyWordRecognition,7.0,DBA,44.71642871233983,2211.908142722808,1965.1001995722493,0.0,1221.4512627027054,0.82877299790135
ArticularyWordRecognition,7.0,Shape-DBA,16.345813019982064,295.9863817966193,149.3856106996825,1.072093625516622e-84,489.058113987752,0.1438580616968092
ArticularyWordRecognition,7.0,Soft-DBA,45.42187879387792,2278.984024193737,2028.6276427909072,0.0,1225.8927265052976,0.8007941831630916
ArticularyWordRecognition,7.0,TEKA,44.20193595144005,2146.435054039481,1918.808062533816,0.0,1195.0582692142789,0.8317153212579109
ArticularyWordRecognition,8.0,DBA,44.8698948495827,2139.405872452651,1988.674279332524,0.0,1172.3506314971332,0.8533654861112648
ArticularyWordRecognition,8.0,Shape-DBA,19.94343261351868,426.752043884458,305.7723640921562,1.0757630636725738e-155,529.1021625759063,0.1868861408393152
ArticularyWordRecognition,8.0,Soft-DBA,44.75151104564013,2126.4246458566868,1977.758542253424,0.0,1165.8093630541948,0.8480496524705892
ArticularyWordRecognition,8.0,TEKA,43.594124841715136,2016.155870549028,1874.5443050964384,0.0,1137.821403738959,0.8500033408882443
ArticularyWordRecognition,9.0,DBA,44.92132962363057,2278.020524632826,1994.0022425809696,0.0,1173.8065369573312,0.8601957247149283
ArticularyWordRecognition,9.0,Shape-DBA,19.85900334041294,448.9467536670885,312.1002190856476,1.9454419966693666e-147,544.5865355073964,0.2008669700556015
ArticularyWordRecognition,9.0,Soft-DBA,45.32207569444687,2309.03557553874,2029.188381993898,0.0,1169.3093370947968,0.8609805946608795
ArticularyWordRecognition,9.0,TEKA,43.68637961720889,2123.775907523584,1881.162830250521,0.0,1146.2142194891053,0.8724986661327614
BasicMotions,badminton,DBA,24.37011141282873,698.1860033041065,549.8199323304679,4.0165850014588646e-179,435.0262259113414,0.7980746239922638
BasicMotions,badminton,Shape-DBA,22.80045298715463,561.7119809530247,456.4309469018816,4.931271503317721e-141,386.3232507693319,0.6942213585576817
BasicMotions,badminton,Soft-DBA,24.39305871818243,691.1559450804099,550.2691191440272,8.13030196701804e-173,432.05723009905006,0.795963814351203
BasicMotions,badminton,TEKA,24.41120641614605,602.4810302115594,510.6241476289978,2.1773262908494583e-138,405.44918066617606,0.7344079561841601
BasicMotions,running,DBA,27.86888213425538,846.9838610316838,762.334964649023,2.512062792587357e-290,502.5950122771392,0.8738659223295311
BasicMotions,running,Shape-DBA,14.600534211387608,258.0626693852188,190.90099000126776,9.988226007884396e-116,294.4219484943247,0.4524294280764165
BasicMotions,running,Soft-DBA,27.91439882934972,855.1512714418674,764.4536985848086,3.469793425091252e-290,503.5698397579425,0.8768745669180055
BasicMotions,running,TEKA,25.34201248809918,694.4594895386506,619.589327354525,5.755833877867209e-268,485.6395514836322,0.8722253742807007
BasicMotions,standing,DBA,26.098887251885685,750.9123795540054,635.563574253554,1.978665762989349e-104,444.3561648925185,0.8193669047436127
BasicMotions,standing,Shape-DBA,20.97594180486939,482.1800780158202,383.6065853546373,2.8191722399673698e-71,343.22353068456,0.5360343773268073
BasicMotions,standing,Soft-DBA,25.96743985437427,729.7161571622587,623.5710138439949,1.305008525425127e-93,437.1230126601252,0.8180380942811913
BasicMotions,standing,TEKA,24.44675140610071,612.8855560731957,518.307086915535,1.1281017740720167e-37,392.64324367389327,0.7141251709728763
BasicMotions,walking,DBA,27.810450250224825,850.6990401948306,757.1088592265494,3.700394931219655e-274,533.7064885954379,0.8601033941765707
BasicMotions,walking,Shape-DBA,15.797422934125134,272.667841283408,213.8821949023564,1.475887039708002e-124,284.9530228964793,0.3355222724057764
BasicMotions,walking,Soft-DBA,27.959934489510545,856.0562650494176,765.5762284041654,6.254987986825279e-275,533.6858265127573,0.8541786213312059
BasicMotions,walking,TEKA,24.39288402791584,614.6699466684901,561.5378378631196,5.949494198113246e-227,477.8909577641795,0.7103082087597421
Cricket,1.0,DBA,99.51069893983936,10582.36329374002,9188.941977877688,0.0,5564.493290575727,0.7773408360532059
Cricket,1.0,Shape-DBA,31.03344062585404,1089.4575597957776,-582.0674260572052,0.0,2269.211143285216,0.1742706302812103
Cricket,1.0,Soft-DBA,101.601286929791,10913.226510607848,9617.332264641476,0.0,5529.869000892342,0.7930740848452011
Cricket,1.0,TEKA,103.33485412084792,11338.00874440302,10003.264315569577,0.0,5565.262999768293,0.7903138201546615
Cricket,10.0,DBA,108.10055563178294,11982.20006632221,11117.615127798454,0.0,5909.727074306303,0.8132536449197265
Cricket,10.0,Shape-DBA,13.8578464601176,239.55114529654804,-1656.9888195597596,2.020347761154732e-98,1349.2702278496204,0.0570883638614975
Cricket,10.0,Soft-DBA,112.1174896972727,12934.403758748696,12039.853899098372,0.0,5991.751305075864,0.821062776375901
Cricket,10.0,TEKA,111.6142011040046,12827.226878657417,11926.600007560208,0.0,5963.765627256809,0.8217612027411023
Cricket,11.0,DBA,98.83098266101808,10438.20540716232,9346.406213904547,0.0,5992.530974758439,0.7804501598437904
Cricket,11.0,Shape-DBA,19.98131397976163,458.237660942951,-1353.906969480981,1.2063244649513928e-197,2052.2494465378813,0.1259014590075254
Cricket,11.0,Soft-DBA,103.81219421207796,11692.786254883827,10402.723391028116,0.0,6126.68091235689,0.7837660694440235
Cricket,11.0,TEKA,104.48891611112516,11871.501232612563,10561.154783708278,0.0,6135.164376416328,0.7864983870310432
Cricket,12.0,DBA,99.73627011890925,10689.63185955802,9465.51805825536,0.0,5680.544258583937,0.7763388346869334
Cricket,12.0,Shape-DBA,24.891220899514813,737.3925711243471,-1018.8432539665488,3.4054576576669053e-261,2044.3877374328467,0.1413427259314817
Cricket,12.0,Soft-DBA,104.95159153476908,11860.724660404858,10553.912327368393,0.0,5800.512250325103,0.7861845692932463
Cricket,12.0,TEKA,105.88175682410098,12050.8271351088,10756.900751805597,0.0,5783.939728433538,0.7914223209942777
Cricket,2.0,DBA,93.03720995801685,10153.218679516309,7738.48837891511,0.0,5106.547134796657,0.7831979973583221
Cricket,2.0,Shape-DBA,37.42984396709285,1525.0940720860983,-65.96063027576771,0.0,2270.0632745276425,0.1753510425290271
Cricket,2.0,Soft-DBA,96.5340206157294,10868.424363282791,8419.861683075289,0.0,5152.018899375255,0.7833681363642614
Cricket,2.0,TEKA,103.77124683147431,11978.77092744328,10007.306647980246,0.0,5443.691527119144,0.7859961100814189
Cricket,3.0,DBA,98.8033151664154,10555.113981479242,9321.50760204459,0.0,5796.639268174147,0.7760589603397683
Cricket,3.0,Shape-DBA,46.85332026244837,2504.517835227892,1138.254143775575,0.0,2894.624214365309,0.3035881842066664
Cricket,3.0,Soft-DBA,100.9959146146124,11070.559955411834,9786.70561758846,0.0,5870.245632749731,0.77602918142034
Cricket,3.0,TEKA,108.79621126330169,13514.87982361598,11472.709494836825,0.0,6267.155131826422,0.8002017430648439
Cricket,4.0,DBA,107.752441215033,11875.318952444766,10700.871334346768,0.0,5311.949288262582,0.7804523584108684
Cricket,4.0,Shape-DBA,16.74993286607066,332.68843438190845,-1577.057381157886,2.5726975753745506e-150,1266.2573865356107,0.0918501658999979
Cricket,4.0,Soft-DBA,109.73519162296012,12441.602401220363,11138.653150783235,0.0,5308.893505673012,0.7876498892760504
Cricket,4.0,TEKA,109.972958528712,12462.313007148934,11196.56848779154,0.0,5278.078555774994,0.7866772209384313
Cricket,5.0,DBA,94.27923361528356,9519.752816398095,7947.716217079872,0.0,4967.5280704771085,0.8295276946392889
Cricket,5.0,Shape-DBA,32.85804543750604,1308.049243162199,-395.3595495384705,0.0,2014.6568607617548,0.219864682366117
Cricket,5.0,Soft-DBA,95.9846675232414,9912.939386725538,8270.574031162687,0.0,4975.593022352797,0.8272245504108154
Cricket,5.0,TEKA,95.40786852351788,9894.926413536052,8130.078965220617,0.0,4906.464506365811,0.8298017153459545
Cricket,6.0,DBA,97.34829392243417,10675.762301100767,9091.14023383228,0.0,6030.403247930158,0.8082566010091699
Cricket,6.0,Shape-DBA,49.30801384417466,2907.3735305115088,1529.720091996851,0.0,3071.567446187866,0.3365012412110861
Cricket,6.0,Soft-DBA,100.15696142568724,11190.964757378952,9659.883020254938,0.0,6108.857373657798,0.8075528869900653
Cricket,6.0,TEKA,108.3490061476589,13387.452431350635,11405.55994131294,0.0,6479.90118349739,0.832844220455387
Cricket,7.0,DBA,95.3305911594863,9930.150875597395,8425.049311974077,0.0,5489.7948347831925,0.807501125592736
Cricket,7.0,Shape-DBA,47.64222035932822,2700.8239827565853,1231.774075730532,0.0,2827.319301797409,0.3334851496827455
Cricket,7.0,Soft-DBA,97.2138745486193,10460.610512877434,8815.456992886571,0.0,5534.653237177182,0.805501023329933
Cricket,7.0,TEKA,106.04619414067848,12556.869039159665,10712.08160111563,0.0,5820.136218758771,0.8218713923514346
Cricket,8.0,DBA,90.40946745193698,9021.262941822337,7635.153463045427,0.0,5945.329526967805,0.8076379399204662
Cricket,8.0,Shape-DBA,45.07446753571266,2630.335556447485,1180.3062854518068,0.0,3008.808871390923,0.2801619105448296
Cricket,8.0,Soft-DBA,94.0906759868208,9998.369482391485,8350.64656973745,0.0,6049.644364054198,0.8098412259309256
Cricket,8.0,TEKA,103.0822711234614,11872.82608255529,10115.85321650362,0.0,6274.783920865421,0.8255134632988308
Cricket,9.0,DBA,94.20009105715197,10204.545287208715,8436.09986404005,0.0,5832.742667166301,0.7798781631946007
Cricket,9.0,Shape-DBA,44.188638327070535,2348.339656208564,1008.8372448896116,0.0,2717.163143724183,0.3282866277510414
Cricket,9.0,Soft-DBA,97.13800734915203,10861.141026538147,8990.325129541992,0.0,5899.552655508992,0.7817063533153428
Cricket,9.0,TEKA,104.29836602543158,12925.161604520124,10493.275155582096,0.0,6321.736287870046,0.7939869860310242
NATOPS,1.0,DBA,41.02354546575942,1766.078375547744,1681.8078279414003,1.8625263070922838e-175,1172.8264333188915,0.916256809528903
NATOPS,1.0,Shape-DBA,24.99243787667469,668.6591611766453,629.6588193994974,6.239679477221211e-142,675.9535012842896,0.2559432947625405
NATOPS,1.0,Soft-DBA,41.02664666385631,1763.8509042782057,1681.895088343138,1.6917874609108323e-175,1170.9087415550198,0.914026812246608
NATOPS,1.0,TEKA,36.3659881802356,1358.3785256837227,1320.8128451569914,1.7033321722598472e-176,1086.2159299833083,0.8672196466095682
NATOPS,2.0,DBA,40.85771961589419,1845.093484232634,1670.3312676047642,7.767343761891372e-171,1185.1328554075053,0.89296667830087
NATOPS,2.0,Shape-DBA,23.826020184295384,609.9754849577938,576.9241518600605,7.7254465982114345e-121,644.3140695810954,0.2193416770305574
NATOPS,2.0,Soft-DBA,40.81867566102725,1847.2566063307715,1667.417080179611,3.66214161053697e-171,1185.1197046298032,0.8920980165362316
NATOPS,2.0,TEKA,36.17960230938268,1427.8210765411673,1307.9607700985475,2.569943031017888e-174,1092.515060279827,0.856237111377749
NATOPS,3.0,DBA,41.07378835052081,1847.5360879058544,1687.504147406142,5.504848917595685e-172,1192.2585134815647,0.8949371236713684
NATOPS,3.0,Shape-DBA,23.080421345546718,573.5964857919464,536.5551357144706,1.8472543787914972e-119,616.38762080902,0.2112102947882749
NATOPS,3.0,Soft-DBA,41.17111674814626,1844.3797249447773,1694.9941271110708,7.143594640413906e-172,1190.7617404820471,0.8939184257358741
NATOPS,3.0,TEKA,35.497508436256894,1355.9894471361768,1260.1111947344154,1.7810857191652607e-173,1084.1079246751644,0.8496438299901646
NATOPS,4.0,DBA,42.6281019685988,1836.5403721133332,1815.214445581437,2.1505758782201943e-177,1175.690483469509,0.8693364327868818
NATOPS,4.0,Shape-DBA,15.97869658020292,314.9734240537931,246.084096293941,4.0792363253058e-75,509.51897757417913,0.1579500321934822
NATOPS,4.0,Soft-DBA,42.641482503340704,1838.0151287802012,1816.337395675955,2.0296605936379526e-177,1176.2888541544662,0.8697400028516984
NATOPS,4.0,TEKA,37.58925066872917,1418.3714635445258,1411.0897885427955,1.8362218504585163e-174,1066.8218743949417,0.8026556217573738
NATOPS,5.0,DBA,42.142288806336495,1808.2538723279847,1773.53180855616,2.4941816059766404e-177,1174.0621154862304,0.8785893212465932
NATOPS,5.0,Shape-DBA,15.99201619498908,312.2726537388766,247.79780429487167,2.825011432068272e-72,519.5622822136152,0.1518591062858193
NATOPS,5.0,Soft-DBA,42.13370525976708,1807.3508468708756,1772.7801946086663,2.576315183638304e-177,1174.033366032215,0.8790256987596056
NATOPS,5.0,TEKA,37.45221489263911,1421.186995537916,1399.973693920463,4.423518717996698e-174,1068.4901546114174,0.8176367423436282
NATOPS,6.0,DBA,41.98360760272056,1771.7955949963405,1761.3508550663769,3.663459943728508e-177,1146.3426745677757,0.8586325427286562
NATOPS,6.0,Shape-DBA,19.016724672674755,402.9362610478304,358.8291053698965,8.439199645637937e-83,549.1829181414464,0.1890679643902136
NATOPS,6.0,Soft-DBA,42.02995227692311,1775.7367696931572,1765.217169654838,3.337396333261858e-177,1146.8164866534603,0.8606240584214284
NATOPS,6.0,TEKA,36.90176817665361,1364.384270754872,1360.6319455098485,7.0113475898571655e-177,1053.0933989362436,0.7685302269187008
PenDigits,0,DBA,4.968453365647883,31.80183487484004,22.31512753542798,7.909104521721416e-14,17.03593749927726,0.4655679149189416
PenDigits,0,Shape-DBA,1.5762053998284198,3.254638417884341,-0.9807756931296904,0.000958214495583,6.321524436408732,0.0963532093689728
PenDigits,0,Soft-DBA,4.86277766481303,30.15882798735808,20.79799310788829,1.7936092305061465e-13,16.493595779806494,0.4438774256559041
PenDigits,0,TEKA,4.614180942207998,26.980545867246004,18.44802840973802,5.71061471024604e-13,16.0980646542764,0.4206518065689417
PenDigits,1,DBA,3.1946292439556125,19.15823070838325,7.4522845876249235,2.428696045715549e-07,13.434752832514189,0.5101796017892631
PenDigits,1,Shape-DBA,2.252208657939004,6.52872633168765,0.0277162653147217,0.000142475958508,7.847385065644317,0.1868340757858592
PenDigits,1,Soft-DBA,3.0887041440259075,18.446851671488943,6.561444710576271,3.16864784853674e-07,13.519823960719656,0.5322149534894027
PenDigits,1,TEKA,2.9592587981268856,14.817744324597012,5.344077710907788,1.085175494226773e-06,12.036063883857189,0.430425594659536
PenDigits,2,DBA,4.450191989238751,35.76619295962123,16.841686365326467,1.0730489890582719e-10,17.50718645155198,0.4247045441285182
PenDigits,2,Shape-DBA,1.2678417422548978,2.097142556268172,-2.4865460007386377,0.0019765149115626,4.361535726618831,0.0684010225626099
PenDigits,2,Soft-DBA,4.309314369869735,33.756194828962386,15.308277051761022,2.820835661837987e-10,17.01266592381189,0.4187736718505098
PenDigits,2,TEKA,4.076948086507966,29.31337407364646,13.18587644485894,1.5323765419510543e-09,15.90679316496022,0.3938441846305244
PenDigits,3,DBA,3.417058122575074,13.230058346718792,8.084683006283132,1.2287973987331556e-08,11.25346473440676,0.3957530815093256
PenDigits,3,Shape-DBA,1.1923040308379964,1.7480019837131715,-2.83629541566544,0.0023382790597709,3.7956283560587503,0.0567772048202062
PenDigits,3,Soft-DBA,3.3361877032933607,12.58001825778327,7.328295507705131,2.2346392608683322e-08,11.134731221146303,0.3974375995717636
PenDigits,3,TEKA,2.7663180666898923,8.601887743647419,3.3828212194211664,9.5379239318996e-07,9.767309346081229,0.2951678730811619
PenDigits,4,DBA,4.04323250957856,24.535585134779268,14.11311368901122,1.0491415709149235e-09,14.376688567123676,0.4982796685857957
PenDigits,4,Shape-DBA,1.6012269385511366,3.437325648009089,-1.4897754709014992,0.0008047328248532,5.463313944546401,0.0858660459486826
PenDigits,4,Soft-DBA,3.903015575009999,24.081770216264594,12.693885830804833,5.627757666521472e-09,13.785226705719063,0.4466777005533959
PenDigits,4,TEKA,3.7528192765021706,19.955916531445663,11.143795276605347,1.2594943032872634e-08,13.15227718380217,0.4389245563716815
PenDigits,5,DBA,4.099299367235509,24.483825533572933,13.902722877705289,3.987397845336867e-11,16.039661515872893,0.5712445848460126
PenDigits,5,Shape-DBA,3.4051094898441776,12.87011851957748,7.291769952989795,2.377374126559621e-07,11.705129000388483,0.2996808653348604
PenDigits,5,Soft-DBA,4.038381190534371,24.543883813550572,12.959505992358368,5.97830856982342e-11,15.67335033972096,0.5231309470024149
PenDigits,5,TEKA,3.819803165911304,21.007923489349427,10.6044095751802,3.754014629932073e-10,14.833972304134624,0.54542939661906
PenDigits,6,DBA,4.1385808620496,20.465774784822575,14.590006170811192,1.1194141076101771e-11,15.558252850881232,0.4561222022293695
PenDigits,6,Shape-DBA,1.348229078638668,2.368891352322595,-1.676369299510792,0.0015819584684009,4.591416907709715,0.0813989879052273
PenDigits,6,Soft-DBA,4.045677121776244,20.006956660524168,13.496416682874838,3.046110685181867e-11,14.923984740980655,0.4620152383642826
PenDigits,6,TEKA,3.721982211501126,18.65020341174106,10.40721624459969,3.9411575873218965e-10,13.580822666746329,0.4094182766042528
PenDigits,7,DBA,3.784845799134721,27.040148920699963,11.66407480531221,8.528120621007156e-10,15.520476985384716,0.4834827530179368
PenDigits,7,Shape-DBA,1.7467395158548602,4.338596307135632,-0.7778414981537358,0.0007244371291652,6.116959050349651,0.1220260156657428
PenDigits,7,Soft-DBA,3.6736968532550263,25.11851004088524,10.414795566148165,4.266172262505714e-09,14.979162259364248,0.4560049202010522
PenDigits,7,TEKA,3.379193784321492,20.4790419230899,7.904463734456079,3.0079265089792225e-08,14.219858255888592,0.4298335298001443
PenDigits,8,DBA,3.598879915383572,21.61808058264,10.99732231755506,9.410579191192806e-10,15.347770605465078,0.5966849640149584
PenDigits,8,Shape-DBA,2.726336683907736,9.110429273010766,3.8170847483226007,3.124540385184604e-06,10.07841640378898,0.2181904271194693
PenDigits,8,Soft-DBA,3.5301092416201665,19.744328211109163,10.08034196549131,1.788932068707064e-09,14.700350925984193,0.5449610749423857
PenDigits,8,TEKA,3.4543883833542712,17.867126778213578,8.876537106453549,3.7093078636889805e-09,14.51973520392814,0.4847922757630106
PenDigits,9,DBA,3.261830609691992,15.813392936583591,7.63122173611313,2.4253999787147483e-08,12.078272159025298,0.4361780517277397
PenDigits,9,Shape-DBA,2.231898846017744,6.489126336038656,0.5823243425101388,0.0001140324112293,7.561050820391947,0.1668225999124402
PenDigits,9,Soft-DBA,3.2433111581983454,14.910454878211288,7.065959412814308,3.8445039373093456e-08,11.947699839855872,0.4303381011153029
PenDigits,9,TEKA,3.0301054115080657,12.297347409237307,5.390615053786773,2.707128386064688e-07,11.04975630403352,0.3320300942185351
RacketSports,badminton_clear,DBA,13.341239272232412,194.79277290093177,160.15736896068884,4.967274503532772e-35,121.18739254754404,0.6500715720379917
RacketSports,badminton_clear,Shape-DBA,11.713620894276485,149.98568481174365,117.54922615861592,1.5718340598479646e-29,106.24534355699004,0.3906120835265499
RacketSports,badminton_clear,Soft-DBA,13.276597523271036,191.9784646061735,157.24520340280387,1.0060614300100624e-32,118.70337338884843,0.6277441339255421
RacketSports,badminton_clear,TEKA,13.345578572091908,180.68058768976985,150.83658002779268,2.212972872175639e-24,110.96327436328156,0.5936198098291148
RacketSports,badminton_smash,DBA,13.31022539431848,198.31387678244784,161.38134064171808,1.057898722851077e-39,124.20376570844486,0.6612839204168421
RacketSports,badminton_smash,Shape-DBA,12.361736852335271,163.1554963701997,133.10737088368109,1.2086656012794182e-28,108.5341753592099,0.4607575180074096
RacketSports,badminton_smash,Soft-DBA,13.208010675640327,192.34824017547527,156.83677423382971,1.7135958062731185e-37,121.63455328496468,0.6386109308726126
RacketSports,badminton_smash,TEKA,13.362567753531655,180.5353375115508,152.11128878043408,1.4281027758201702e-27,112.04121358761824,0.6617409764965049
RacketSports,squash_backhandboast,DBA,14.215730327921028,222.81329006754277,189.3348356993085,1.0234933698942407e-54,136.5564927534038,0.6884549570951098
RacketSports,squash_backhandboast,Shape-DBA,10.245663926967378,129.63172978415372,87.99607857329235,8.143927227441829e-36,104.99367245496744,0.3467145413294945
RacketSports,squash_backhandboast,Soft-DBA,14.136576970254623,221.9900416463111,186.58312690879157,8.722693258045534e-53,135.37735090775735,0.678063732661803
RacketSports,squash_backhandboast,TEKA,13.604494228945692,201.22338925664755,169.21882017495386,3.082035338150676e-45,127.66714101852934,0.6719048260848934
RacketSports,squash_forehandboast,DBA,13.976219718904591,222.28645557680323,180.83747940606213,3.886403009774844e-52,136.79615384737113,0.702195801856505
RacketSports,squash_forehandboast,Shape-DBA,10.492480978250226,125.834478296537,91.16907236141373,1.957555772589563e-33,103.48991126029496,0.3882333467892094
RacketSports,squash_forehandboast,Soft-DBA,13.807162795001553,216.8858953618263,175.95444551212452,1.934257310930739e-51,134.64585813763267,0.6946065272468805
RacketSports,squash_forehandboast,TEKA,13.198960838219776,185.88280574042636,153.12466833157086,1.4355612096628775e-38,120.33630350370072,0.5514838801464983
Epilepsy,epilepsy,DBA,22.80701481704902,718.0112991261785,445.378233075254,1.6514468983920956e-290,504.4884647257722,0.864389428582188
Epilepsy,epilepsy,Shape-DBA,22.87180172743005,591.4651386841841,405.7679465895151,1.9721631734960083e-269,481.4777722602376,0.720629597836077
Epilepsy,epilepsy,Soft-DBA,23.35215252384633,715.6841524936304,446.0054774682422,5.155195302528578e-293,503.4285873858753,0.8301209287189047
Epilepsy,epilepsy,TEKA,23.37597768611342,683.0855036168722,429.01192513144895,2.223160136744899e-278,503.014013579019,0.8505766453808438
Epilepsy,running,DBA,24.393498311906654,861.1533126501546,537.990793194533,1.530913698871191e-303,541.5444365072223,0.9213845199410556
Epilepsy,running,Shape-DBA,20.838252964688916,472.7183263943725,327.4032989956284,8.127672201900288e-217,400.3333369714144,0.5595885156536174
Epilepsy,running,Soft-DBA,23.99964285370191,828.918339217299,514.8972403160228,1.87702460544296e-293,532.6411935719797,0.918168029869255
Epilepsy,running,TEKA,22.21687648813026,668.4824427758372,409.7054914869428,3.0338249993849875e-279,503.3280721333457,0.9139599889961018
Epilepsy,sawing,DBA,24.37598158278007,839.2493076946067,544.8538729075632,1.33e-322,544.647942255075,0.9221760364934168
Epilepsy,sawing,Shape-DBA,22.61368612290603,570.3542149368805,407.2192776099374,1.5142425613075745e-280,475.7010776690561,0.7170672787587289
Epilepsy,sawing,Soft-DBA,24.128521808300736,824.2481739879516,532.750610642169,2.44e-320,540.9596065879955,0.9208105427475908
Epilepsy,sawing,TEKA,22.90683469109015,648.8083384726649,439.42898909819087,6.763474435305441e-303,522.6842684552425,0.9129665967293163
Epilepsy,walking,DBA,24.125952109270404,824.8718103535064,504.0435739035423,1.12955235e-316,514.3031693478697,0.9008323864163892
Epilepsy,walking,Shape-DBA,21.614973246601505,540.7030550886807,327.8170218868517,7.142067204470423e-224,416.3579012309645,0.630797672239594
Epilepsy,walking,Soft-DBA,23.96619211025049,808.6515152053191,491.28222644736593,4.341967724773524e-307,498.30763860123113,0.8816839975891643
Epilepsy,walking,TEKA,22.828730134496137,721.7572929806544,426.4078951189837,9.96127993043683e-285,480.3226924006679,0.8835142554286892
FingerMovements,left,DBA,42.16761349499807,1811.6479969370089,1777.8825549577102,4.022254457538763e-174,1189.2956206674123,0.7638804266132981
FingerMovements,left,Shape-DBA,30.26195615357364,922.056109747137,921.4639677594758,1.0625737214919459e-173,850.3855775694574,0.3704738814385304
FingerMovements,left,Soft-DBA,42.17867331379769,1812.9773718435256,1778.81173871122,4.02305195304598e-174,1188.8144740118744,0.7636148869820835
FingerMovements,left,TEKA,40.03269179687869,1620.484979447624,1601.7633831034775,4.0220506583347787e-174,1165.0334262516728,0.7112165458518844
FingerMovements,right,DBA,41.85391318358394,1783.8450901938554,1751.4118971292796,4.0233716492619332e-174,1183.1867944210098,0.7624650032296871
FingerMovements,right,Shape-DBA,31.928484272506,1021.6187970065414,1021.5115238967676,4.389736825606497e-174,910.1180191054412,0.3955814891927071
FingerMovements,right,Soft-DBA,41.88235642854912,1784.8789604691588,1753.8307149707066,4.023509115376227e-174,1183.6051092792743,0.7612501774327323
FingerMovements,right,TEKA,40.18233870522814,1630.4533168081648,1614.0755473238205,4.0249736421614524e-174,1161.2883284920863,0.7211785738470238
HandMovementDirection,backward,DBA,51.04234009180011,4674.74270605899,2543.180979356373,0.0,3128.850436163568,0.8654019307867731
HandMovementDirection,backward,Shape-DBA,48.678158939983454,3290.940600784094,2267.0212643773707,0.0,2724.030519676754,0.5803211706503616
HandMovementDirection,backward,Soft-DBA,51.01290917737581,4694.957903082251,2540.0643311332665,0.0,3126.232685754363,0.8669013795989428
HandMovementDirection,backward,TEKA,50.28512225590839,3732.57378110459,2405.971518981568,0.0,2857.574049277277,0.8007925083743531
HandMovementDirection,forward,DBA,51.66332327740536,4554.038404639681,2606.327374340236,0.0,3084.8865655156605,0.8348987746580939
HandMovementDirection,forward,Shape-DBA,48.54924605782933,3256.590390565565,2255.646964464278,0.0,2712.919178190028,0.5710088703041428
HandMovementDirection,forward,Soft-DBA,51.64556697233531,4578.375531355282,2604.818569712454,0.0,3097.643432215236,0.8336784581230946
HandMovementDirection,forward,TEKA,50.55526531995368,3767.356871959207,2440.2002504847114,0.0,2859.1624642380007,0.8103005218207545
HandMovementDirection,left,DBA,50.81292630031387,4417.243068614801,2519.731435460394,0.0,3096.4468727395506,0.800283635834176
HandMovementDirection,left,Shape-DBA,47.609341594969,3180.367056356636,2160.080596863148,0.0,2678.497964810886,0.5585914233727199
HandMovementDirection,left,Soft-DBA,50.77936795879485,4449.879574416997,2516.882497508182,0.0,3088.4740175084053,0.8017474576738636
HandMovementDirection,left,TEKA,52.13742647450674,3693.473300745036,2575.771849228723,0.0,2955.376189169283,0.811025627894424
HandMovementDirection,right,DBA,51.334378100261205,4566.769523638717,2570.9331233958133,0.0,3129.757540054969,0.8589092434301551
HandMovementDirection,right,Shape-DBA,48.72872829072395,3313.3031335943647,2273.768844698463,0.0,2730.3839843760597,0.5802859116548332
HandMovementDirection,right,Soft-DBA,51.12280300347931,4543.800953906231,2550.797881733139,0.0,3134.661087277467,0.8670988406134801
HandMovementDirection,right,TEKA,52.57226696566726,3783.181669628775,2614.963922925063,0.0,2960.123226073142,0.8163009285271701
Handwriting,1.0,DBA,22.080045731800137,689.3721363521331,341.876243533845,8.87595806007732e-169,300.0081486900933,0.8025245807614727
Handwriting,1.0,Shape-DBA,15.586041963172915,282.30898049422444,69.11073775097944,1.6820979383480976e-94,198.85967814433243,0.3446709370315712
Handwriting,1.0,Soft-DBA,21.696224711998507,657.8952220912353,322.02218194386296,1.1813033973701387e-158,291.25589291211713,0.7963680976836809
Handwriting,1.0,TEKA,21.20904187470648,636.7340672684351,297.58378667374,5.901028192693394e-164,281.0932709391946,0.8139513300692851
Handwriting,10.0,DBA,22.658439358663127,643.0027931391187,365.22998952306784,5.531769310253857e-167,301.25867003536194,0.7999978669762768
Handwriting,10.0,Shape-DBA,15.167572333899995,282.9826836856319,58.26879611588796,1.7074764175052963e-83,200.40237841664643,0.3882700201517999
Handwriting,10.0,Soft-DBA,22.416331793348903,630.1354554328805,348.6506450541796,6.02885463769906e-163,294.04064938954,0.8137436198974641
Handwriting,10.0,TEKA,21.53147473134736,573.3542474029141,317.5856278423854,8.874061058824109e-162,286.05150987876607,0.7654169402427786
Handwriting,11.0,DBA,21.692647483301293,641.3248322514897,330.5560840690874,5.764535107513546e-165,308.80813178774724,0.8235351692554814
Handwriting,11.0,Shape-DBA,15.81441470561789,294.5312534162101,77.45761519284049,5.810312315718116e-102,211.5720857695178,0.4033044659455987
Handwriting,11.0,Soft-DBA,21.354245140851337,619.2435214596491,311.56871905187967,3.899530452221639e-158,301.197160498452,0.8236888737608522
Handwriting,11.0,TEKA,21.180254571451503,604.9455779061985,305.70786526597374,5.00417893344399e-165,291.036449338721,0.795364249498504
Handwriting,12.0,DBA,22.292640561094984,624.1481806528141,350.5775113823373,1.082387293292041e-137,291.62019296500324,0.7911632796943774
Handwriting,12.0,Shape-DBA,16.49476690868796,320.625440521098,93.2410075439123,1.2965790506202395e-81,206.48002455349584,0.4295586433276926
Handwriting,12.0,Soft-DBA,22.106265532944185,611.8441368667483,336.2049711361767,3.2823204710159934e-133,279.2185769382924,0.7913660007478294
Handwriting,12.0,TEKA,20.898759987491594,542.8197150118027,270.7300386309677,2.5163897130476272e-126,265.9232712365072,0.7544240163899316
Handwriting,13.0,DBA,22.61909634844483,652.0472723847704,383.09517228070695,2.8484028427681385e-160,331.7735050262666,0.8226834982798152
Handwriting,13.0,Shape-DBA,15.241156441172707,276.19128729571725,66.66263657701197,1.9843609181357357e-91,209.8287447171886,0.3614614143446123
Handwriting,13.0,Soft-DBA,22.28478004838108,628.2607795588344,361.58054054579264,2.5387709679459937e-153,323.5264610436588,0.8190819935681554
Handwriting,13.0,TEKA,21.963119713125444,609.7827701121606,350.08399935015785,2.5058058296876413e-161,315.7382357080569,0.8128056310244313
Handwriting,14.0,DBA,23.50979910753789,668.2354013042897,404.7139243219565,1.2611328948094983e-173,301.7015312726982,0.7833381083150972
Handwriting,14.0,Shape-DBA,14.9380626933624,278.17662360852944,45.39881825324862,1.8934737532669743e-77,184.6713560397036,0.3226185034127866
Handwriting,14.0,Soft-DBA,23.369635094369578,660.8505750449464,393.4944431526957,3.7900454863097127e-169,291.7631169761923,0.7816192126986331
Handwriting,14.0,TEKA,22.62100704723776,616.9537544460926,357.63115547652853,1.125647799912804e-161,278.7230003791992,0.7708797355856397
Handwriting,15.0,DBA,22.773049230507,666.9649422631777,362.4863206806514,2.2794587258351304e-146,285.2956630449214,0.7913079077032539
Handwriting,15.0,Shape-DBA,15.340635002958146,281.0016096036992,53.54052075438317,5.974097941580361e-67,186.0621372347714,0.3241522273749732
Handwriting,15.0,Soft-DBA,22.754461473332917,667.4936108291993,358.92020853539066,1.5740283894615874e-136,275.956637721918,0.7888066518614218
Handwriting,15.0,TEKA,22.16824720895719,621.8752406560305,332.8800079992641,1.0442518028978398e-138,269.0290067293257,0.8015103257618368
Handwriting,16.0,DBA,23.107569060189245,653.7984885888771,397.1420435763362,4.750910728728206e-160,315.2573854310216,0.801731010450409
Handwriting,16.0,Shape-DBA,15.252747422420558,291.2543797644056,63.89950436338847,3.314849184569351e-89,219.98857336700607,0.3852146213977158
Handwriting,16.0,Soft-DBA,21.854816442480224,588.4810452004516,325.8448367021351,6.835075728517063e-140,288.6907872669852,0.7827482246588908
Handwriting,16.0,TEKA,22.364171992550208,607.2932556314641,364.2113182569236,8.006275308465889e-167,296.0300861273844,0.7885270950339177
Handwriting,17.0,DBA,21.98170830148569,661.1601147897899,338.30792673595334,4.353877465693935e-160,301.54424898760635,0.8262553295332472
Handwriting,17.0,Shape-DBA,15.812447623545282,296.4835972843766,81.14031134695738,1.7230181546327186e-99,208.33523152726076,0.4002373031280326
Handwriting,17.0,Soft-DBA,21.67783071346648,639.1461859669175,317.8488596943385,2.460317803092483e-150,289.5049942868301,0.8196778694740873
Handwriting,17.0,TEKA,21.267713416379863,609.9285796226707,301.67729093067857,3.542747270053743e-158,281.09796422326724,0.8128728785299129
Handwriting,18.0,DBA,23.54285711154391,683.3286130694739,408.725850479096,7.915897446784462e-167,300.4905268547729,0.7731679013037125
Handwriting,18.0,Shape-DBA,14.35923944825871,238.69852039724623,18.76024822317072,1.531391042573169e-79,184.3077615154388,0.3051934950059247
Handwriting,18.0,Soft-DBA,23.151924982852137,662.3006725551704,381.6686871832261,4.146772983803216e-162,289.5164200382004,0.7734977007858955
Handwriting,18.0,TEKA,22.77746654512645,638.2229284556005,366.21807907754027,1.0809275417266247e-165,280.239319389326,0.7654205397667128
Handwriting,19.0,DBA,23.099613141663298,697.4648029375094,400.3223542145555,1.3407924761311465e-171,314.64327664433165,0.7837818893605162
Handwriting,19.0,Shape-DBA,14.054263593270196,238.9849258877624,19.01594556007838,4.760114961421424e-70,196.78612598045643,0.3034044104243006
Handwriting,19.0,Soft-DBA,22.706974716461204,690.6660162744615,378.48307110056817,3.0618132398196904e-169,307.88652173281173,0.7916531872185177
Handwriting,19.0,TEKA,22.17709776930428,671.3631276589025,347.3715477974223,5.725289767127407e-160,294.9186770574212,0.8128171953166075
Handwriting,2.0,DBA,23.15991175426242,655.1529913378769,389.3929044017052,2.5604227331650698e-146,311.09480342472256,0.8238715876714375
Handwriting,2.0,Shape-DBA,15.40942081136466,287.77642566731,65.77334628806538,1.0793095543822191e-101,207.70385880705837,0.3842172014561053
Handwriting,2.0,Soft-DBA,23.21142159197646,656.1434507197516,387.7899663030258,2.127813289753077e-143,307.27869739043564,0.8214624121439036
Handwriting,2.0,TEKA,23.241903366884067,646.7543654866313,397.37874732727977,2.8954822800162743e-157,301.84376841366395,0.7903776306703479
Handwriting,20.0,DBA,22.821225285922814,647.1571644535092,371.7666073987608,1.0700482700398087e-167,300.1936288198966,0.8224561471019362
Handwriting,20.0,Shape-DBA,13.720052558086511,238.2139691290456,16.15323040522436,4.591262327363028e-68,199.05034352617903,0.2694282619386375
Handwriting,20.0,Soft-DBA,22.74047101776656,641.6311506527871,366.0957543012565,3.2564988279353414e-166,292.85191827282665,0.8242737012578919
Handwriting,20.0,TEKA,22.351933225324085,612.8037586681082,352.6098208724095,1.395284055029691e-163,288.2221005854343,0.7988126957864066
Handwriting,21.0,DBA,22.352075659584944,672.2894972718428,348.61019519508744,1.952023583460488e-139,301.295124011718,0.8011804419716982
Handwriting,21.0,Shape-DBA,15.756751934507315,288.0877701325158,68.2688325926082,1.2814788752723766e-86,184.3465106746638,0.346647983666616
Handwriting,21.0,Soft-DBA,21.984131562372184,654.2730155215606,326.8536435883248,5.4622178185146647e-132,292.1266100444971,0.8113897170600933
Handwriting,21.0,TEKA,21.51622884166623,631.1033715446089,313.3150495620858,6.184086591271409e-142,285.2384534391078,0.776459867273346
Handwriting,22.0,DBA,22.463476827813288,648.7373320797999,342.85122354661365,1.1252378902810009e-133,277.7954115153712,0.7761458828633807
Handwriting,22.0,Shape-DBA,15.319919660440808,285.4565675035371,46.13827683370016,5.233228345411587e-81,175.12946803887093,0.3540979385736361
Handwriting,22.0,Soft-DBA,22.164840925580947,631.5572710460472,323.61273289716127,6.78982087185252e-128,267.511299361268,0.7950605865895781
Handwriting,22.0,TEKA,21.963371101087557,609.3387348669966,322.7985270688264,7.870342317631409e-138,259.50141150352414,0.7254589532501359
Handwriting,23.0,DBA,21.51477907310467,620.9122455328703,322.80692821632795,1.2844900748885086e-162,311.54475915245496,0.798616046050361
Handwriting,23.0,Shape-DBA,16.275117671201023,308.161192320158,93.82133189263187,1.5573717773716001e-102,212.86427607727447,0.4280314061593683
Handwriting,23.0,Soft-DBA,20.920475639490952,592.6549911960625,288.0809991816808,1.3867358277344853e-151,299.06829520737864,0.8125308202514437
Handwriting,23.0,TEKA,20.985110606981305,589.0893524029018,301.50036238941016,3.940844086030171e-158,292.000156591653,0.7675141414562923
Handwriting,24.0,DBA,22.55311274828866,637.2672755182176,354.6525825703209,2.1632293892515564e-162,299.89688092128324,0.8353606746038711
Handwriting,24.0,Shape-DBA,15.402757801903114,303.4629811648488,59.73715002045698,2.4660832050583917e-88,195.06341510204467,0.3782484303226966
Handwriting,24.0,Soft-DBA,22.065388151287195,606.6959790868913,323.2304139302382,6.441354773457731e-151,285.78624118120257,0.8317764938430592
Handwriting,24.0,TEKA,21.47868198415098,564.9346714035987,302.3041184258236,2.2646189633795257e-151,278.90823782902805,0.7704347267198834
Handwriting,25.0,DBA,23.83205801666039,685.6130298468952,423.97420097676206,7.324497757544724e-189,315.4789457746014,0.806507215184669
Handwriting,25.0,Shape-DBA,13.023319770106674,224.31307508538012,-2.682916764431317,7.731910417792014e-59,184.00827186866803,0.2602738481367806
Handwriting,25.0,Soft-DBA,24.01040337004884,694.2825564648275,431.12131711724174,2.7110845192155834e-182,309.3032665856093,0.8093170492634435
Handwriting,25.0,TEKA,23.42404152585543,664.4371375129897,405.5310346141301,1.0921501597724799e-187,307.76395326692,0.8111246074303592
Handwriting,26.0,DBA,22.31690252976257,630.3147695697982,351.257071410926,5.9785633286477465e-161,313.3033836715934,0.830892594501423
Handwriting,26.0,Shape-DBA,12.957830758891127,211.3605344518459,-15.761320092627312,2.0631378577738688e-69,200.02272682051367,0.2950184273300168
Handwriting,26.0,Soft-DBA,22.38350493879457,625.5799213748612,352.18948280083526,6.028555676105568e-159,307.15331988096926,0.8490192319344393
Handwriting,26.0,TEKA,23.0632572852836,673.0308862299694,383.21013099221,5.9771201739016985e-177,304.7881199087542,0.8051845278937104
Handwriting,3.0,DBA,21.104250872415925,636.0809407490639,285.5407276723137,9.227917752905082e-129,259.9245950843589,0.7799502890194452
Handwriting,3.0,Shape-DBA,15.946001446501231,306.6950331653736,68.5951222925811,6.228849405298111e-92,186.9513404859626,0.3938843901814318
Handwriting,3.0,Soft-DBA,21.40257415751896,640.9095674272511,302.28970292093777,1.0682578856339472e-128,253.48350418871476,0.8110307465350374
Handwriting,3.0,TEKA,21.240939486222597,634.2357871425271,292.27846390884423,2.6669054000931176e-136,247.10074506970463,0.7644293679687704
Handwriting,4.0,DBA,22.32324295568865,657.2732991531927,362.83632290572217,7.80259938367485e-173,311.5071084389546,0.8129408473336476
Handwriting,4.0,Shape-DBA,15.221115587042766,267.5706216891268,56.50521595453125,4.1728940497276186e-86,212.71943673647405,0.3523703497952219
Handwriting,4.0,Soft-DBA,21.99119579517692,635.9596072345879,336.59857499200933,9.778908565421904e-165,298.3561875639126,0.8296124129233391
Handwriting,4.0,TEKA,21.96183506647181,641.7263572563968,341.72056836825726,1.3680678165286636e-174,295.7592663259942,0.7891114907558573
Handwriting,5.0,DBA,22.59765888574993,672.1104758844843,356.5012509580793,5.427088200665909e-170,310.8774134995322,0.8635002114711247
Handwriting,5.0,Shape-DBA,13.198800638684192,213.2702717595641,-3.9919576856877055,1.926760443752372e-64,191.70574902260387,0.223005088554645
Handwriting,5.0,Soft-DBA,22.373011441442216,662.4768400266523,344.50088969807206,5.048802350953686e-166,301.5078133021725,0.8568838123637329
Handwriting,5.0,TEKA,22.84968321318052,680.3690905277433,375.2789157169116,6.095446684540345e-178,296.7099038738282,0.8327889483764142
Handwriting,6.0,DBA,22.720117225961737,644.5644692141669,383.190484905194,9.565594509682842e-184,311.24126409506715,0.7933627270452026
Handwriting,6.0,Shape-DBA,14.931633764299622,260.8858392721666,57.07527419189903,1.8297981053936607e-86,212.0953463599264,0.3505807939100091
Handwriting,6.0,Soft-DBA,22.66526847109707,638.915219710962,373.67978930219886,2.1532355800792147e-175,303.40113149652234,0.8048692361729142
Handwriting,6.0,TEKA,22.136441660036105,609.4817009869978,355.3403573928875,2.7645011355273643e-179,298.05234857846176,0.78613955726877
Handwriting,7.0,DBA,22.62689530604173,673.4934606234838,381.1420947314112,6.142890186173293e-174,327.5652257707016,0.8268001866127241
Handwriting,7.0,Shape-DBA,14.328068080254145,249.7220937964113,39.202740496023466,6.265083602020383e-88,220.69237462827977,0.3354591963566612
Handwriting,7.0,Soft-DBA,22.384654021600102,652.0202649182896,365.5335630005415,1.8560766502449214e-167,320.9294361374648,0.8241144270508255
Handwriting,7.0,TEKA,22.22321311359613,637.8109093436996,360.4566721418431,4.132966747570962e-175,314.5601367346143,0.8146218434858833
Handwriting,8.0,DBA,22.70817679141711,660.1046631404406,372.7136191936818,1.3914974734215082e-151,316.52158588703435,0.7996839441864683
Handwriting,8.0,Shape-DBA,15.163732642330066,277.63565231047016,56.82108846519844,9.390964673538012e-95,207.20888016598724,0.3692215699755108
Handwriting,8.0,Soft-DBA,22.30869816684808,639.4186053763848,350.1799478605295,1.1473698525171448e-144,307.4888040597966,0.8029106098218538
Handwriting,8.0,TEKA,22.263172906227368,629.0651919660413,351.9514809341064,5.349305000504026e-158,299.0394279596871,0.7547747262161273
Handwriting,9.0,DBA,21.69290436925921,644.8461129637872,335.7470487862875,5.834947604235337e-159,332.3583673709233,0.7790941371515785
Handwriting,9.0,Shape-DBA,16.615537289596276,327.7596494832491,109.41134410378916,7.529205731540127e-89,226.03332481481465,0.4745800371762323
Handwriting,9.0,Soft-DBA,21.65430520955185,631.5968497403705,327.51643751630206,5.0201802026136185e-151,320.70280239139134,0.7907916571253197
Handwriting,9.0,TEKA,20.81912721063729,561.9894378024071,292.5570752743621,6.697301895625956e-135,300.8653259505321,0.7593992708700067
Libras,1.0,DBA,9.06420106031858,119.44880023548713,53.43963178584975,1.898348400186677e-43,71.02101896180783,0.7424856753923242
Libras,1.0,Shape-DBA,6.19431489935856,52.41313328081952,-0.3500140677017682,6.681700596824182e-20,47.60818254584672,0.1460213005769131
Libras,1.0,Soft-DBA,9.211470372543497,119.90265748375823,54.288839964634086,5.6468662396397365e-43,67.49930832080912,0.7064342516513431
Libras,1.0,TEKA,8.966750353468642,116.07215162960456,48.51161905917915,1.28818706202793e-43,65.47046310805278,0.6765075279646409
Libras,10.0,DBA,8.364151804352723,115.23902309476756,45.9411296287696,3.3508124419949434e-46,81.04489608434574,0.8008775280344184
Libras,10.0,Shape-DBA,6.83688065518336,61.58854403984302,8.886997879874231,4.538929654061249e-22,56.89708722420935,0.2408156841910828
Libras,10.0,Soft-DBA,8.88249047988554,136.15927424279582,52.94143009830467,4.286506047247387e-46,81.58399185352285,0.6351442323754434
Libras,10.0,TEKA,9.035264991754572,115.38817885055404,46.401184049180266,1.5441895918049708e-38,69.07088489856436,0.6418507168582845
Libras,11.0,DBA,8.435765466738392,106.02252664739206,36.0333166157422,1.767442346851191e-41,68.81846492753813,0.5647884825973045
Libras,11.0,Shape-DBA,3.657194551154582,19.375262765922688,-40.565722736261904,3.4914358885326396e-11,28.977447034459104,0.1252012461485311
Libras,11.0,Soft-DBA,8.753090489397321,109.59135919433908,40.30122333131833,5.356251828949852e-42,65.13257226854523,0.5625815190916562
Libras,11.0,TEKA,8.525597885894776,106.29752541508276,35.35220201637012,4.03068233648414e-43,66.93699774096483,0.6008887452785011
Libras,12.0,DBA,8.992638150050304,117.2804687747407,44.30302670329598,1.809643794908238e-44,69.0136293817846,0.5516538002733998
Libras,12.0,Shape-DBA,3.155403858686668,15.50910937016866,-48.9831257062908,7.731577401507769e-09,25.84587879317971,0.1203121535586009
Libras,12.0,Soft-DBA,9.059918109585452,126.89391314453448,45.97020889684135,5.88530928260901e-45,68.83328751374384,0.5612658518488032
Libras,12.0,TEKA,8.965236028123252,117.13670875439156,44.333612313866574,1.2005386705507402e-45,68.88554567112807,0.5469118901982454
Libras,13.0,DBA,8.5892724622466,112.5010344892205,41.19819753669439,5.64600876952977e-42,73.11216194490378,0.5661452032991784
Libras,13.0,Shape-DBA,4.043251750655366,25.3120201058273,-37.29192715599209,2.2041393734524253e-11,31.852406873811976,0.1662828223028667
Libras,13.0,Soft-DBA,8.923954841904866,107.74904630976008,46.000521862173024,8.688931034832956e-42,67.36400674755414,0.5167001090985602
Libras,13.0,TEKA,8.718203127431257,105.9490115605626,38.95656418900895,1.4593432570022563e-41,66.59939770828272,0.542235234336422
Libras,14.0,DBA,9.10976410850375,107.56297874789976,46.25700876071272,4.7445737054071456e-39,73.87623225507421,0.6009455426157239
Libras,14.0,Shape-DBA,4.581133917089008,34.39191868240908,-24.18057646960659,1.2420018820868027e-09,43.9931756323852,0.1659508631563797
Libras,14.0,Soft-DBA,9.925963745144664,122.55465895844752,62.52418510514841,1.2380921453014917e-50,78.42830673416006,0.6207466719798428
Libras,14.0,TEKA,9.632850923800587,118.17282903437956,52.45139484846796,1.7624742312807457e-44,69.92042562555675,0.6713058325338653
Libras,15.0,DBA,9.135186782289136,103.72739874408046,49.171890225578345,1.7125531606446113e-24,75.67107717699452,0.4578625486110839
Libras,15.0,Shape-DBA,7.122635726721266,55.129105049352376,0.441495226131237,3.002764682985844e-25,59.04304531735893,0.4291593801360181
Libras,15.0,Soft-DBA,9.579334460393053,115.2416466530528,57.22202930255264,6.51602218700318e-20,72.74661110609709,0.4251577435822444
Libras,15.0,TEKA,11.01939086485128,141.26022680672156,83.36948926213704,1.042500805577721e-43,77.69808704830177,0.4891447972120135
Libras,2.0,DBA,8.308402926765586,122.10704356016204,39.80616517695061,3.2218867244341715e-36,76.2316202931009,0.733049744367221
Libras,2.0,Shape-DBA,6.705383902620288,52.51862108377774,-1.699852949115921,1.0440233263573701e-23,49.55630150119333,0.3062789428180039
Libras,2.0,Soft-DBA,8.389825636955576,117.70357163959108,39.952177963627285,7.437520569314121e-36,72.15629847201465,0.6807250015833751
Libras,2.0,TEKA,8.407609095481922,121.26685368763744,38.93218291355741,2.097143164471112e-32,69.52191985367716,0.6752683106918079
Libras,3.0,DBA,7.547764542898673,128.14295556538602,29.01354914132684,3.0196575387527046e-38,77.06341369656103,0.7608462691605412
Libras,3.0,Shape-DBA,5.22001303701156,37.62651196185644,-19.55270677150425,6.113524164695468e-14,40.2652279531374,0.2196414867135962
Libras,3.0,Soft-DBA,7.537742795891752,127.91729212611529,28.23389245842425,5.530042155923895e-38,75.43170608282209,0.7380273496703568
Libras,3.0,TEKA,7.373112720182866,125.5460300441174,22.87736481224861,2.5247801360832232e-34,72.10153877867403,0.7652857409940492
Libras,4.0,DBA,8.492019772704387,89.77723440790834,31.320695986344408,7.982365464946013e-34,59.48442842366186,0.4453169392477902
Libras,4.0,Shape-DBA,2.892162748389009,13.928481030164868,-48.80547864421938,7.773652759203947e-07,34.738187244006845,0.1456095199971985
Libras,4.0,Soft-DBA,8.606878126555335,93.47793157277412,34.25900925653652,4.2809749436887796e-34,58.6245188750518,0.4242059642379703
Libras,4.0,TEKA,8.84916967001997,97.66620796757928,39.29489872397684,2.551334637771556e-37,60.54365858019518,0.4634158383695134
Libras,5.0,DBA,9.841193270284782,125.50509045980402,60.68083510873476,1.0958633224484711e-40,69.33420791723823,0.5429615783424956
Libras,5.0,Shape-DBA,3.1942335664388306,14.343938956006465,-48.51439947316087,6.255473191001737e-08,37.173729895654645,0.1531673323433548
Libras,5.0,Soft-DBA,10.311304369928214,134.32541033982434,69.25886872020055,5.804107909974749e-44,68.76893340794588,0.5466436853715397
Libras,5.0,TEKA,10.214919145571033,132.38717565209834,66.7475428868621,3.664160413873255e-42,68.1646817712683,0.5618106052396739
Libras,6.0,DBA,8.761893039234083,107.5651903341709,33.505704823551184,1.85944451749904e-38,67.95530804296213,0.599635243361658
Libras,6.0,Shape-DBA,3.114062792347016,16.190390597715588,-44.53745566446016,1.359362321455075e-07,34.436037705924726,0.0945745832289023
Libras,6.0,Soft-DBA,9.319632928776048,117.30722826981048,45.47887874171649,6.724217493576536e-44,69.35360064359554,0.6232241535068752
Libras,6.0,TEKA,9.147521399595906,116.96029630582632,40.54667394668521,5.832064654303768e-41,69.07305889630418,0.6464145506440397
Libras,7.0,DBA,7.971955318368583,84.81363398587384,27.704308410944208,4.7361052888087294e-36,71.25219314893104,0.5032361913017812
Libras,7.0,Shape-DBA,4.780366100130103,32.72877168115041,-29.924134593509603,3.6478112313968e-10,36.8698416508531,0.1459575482370772
Libras,7.0,Soft-DBA,8.26374274402798,90.65733599159928,30.744252144538265,3.58477383878328e-37,71.22066437005473,0.5019261375092735
Libras,7.0,TEKA,8.03269708278064,86.22466995280134,24.73166884013297,9.124009147130276e-32,65.98685467989235,0.5133056119715259
Libras,8.0,DBA,7.659040205573246,98.47275045538304,28.009455290806898,5.90839572738005e-35,72.41763977411183,0.605238486845877
Libras,8.0,Shape-DBA,5.622509227764759,40.35325080595751,-20.68170569192805,1.4962645406127206e-14,41.098764548728944,0.1969208091519155
Libras,8.0,Soft-DBA,8.328116623536708,104.71406580067958,34.61529527415917,8.851413031604215e-38,69.16189041761821,0.5861111909506375
Libras,8.0,TEKA,8.185062209433626,95.07469810079247,29.22020388333936,1.4427479473750779e-28,62.80548184792488,0.5622552383252003
Libras,9.0,DBA,7.303124769874731,92.08064674704336,24.87019677911705,9.755298796211e-34,74.79894122100757,0.6735372378230665
Libras,9.0,Shape-DBA,6.6442899969215965,59.11933359529572,3.576929661311787,6.953480086230016e-17,55.366058940802695,0.3303927983426113
Libras,9.0,Soft-DBA,7.685015705393686,97.72804744027262,23.76751744794977,4.2289821942108495e-33,72.55093419920007,0.6427460012146905
Libras,9.0,TEKA,7.534233045717738,88.93196377623826,18.78318073577364,2.665918113149924e-29,69.37021512027401,0.6376768839553048
LSST,15.0,DBA,14.788266832504206,278.4681264336959,202.5480803619983,6.519219647382783e-46,156.26104314553427,0.7608169867981506
LSST,15.0,Shape-DBA,14.483565140653166,213.97738027056172,186.8857087314293,2.648276014874056e-36,148.24258392317094,0.5739758272259402
LSST,15.0,Soft-DBA,14.743133355718449,277.02768161556503,199.8331407146821,1.871524413261052e-42,154.7329223254453,0.76549072413193
LSST,15.0,TEKA,14.239225959518402,249.4540137274057,186.20504795707825,1.1952759602321816e-48,152.08013634973423,0.769511441259089
LSST,16.0,DBA,14.339609590106992,241.1808422992563,196.7302881538211,1.043255864483295e-45,160.054161587118,0.7083314335749255
LSST,16.0,Shape-DBA,14.64380865600322,215.5269223063252,195.7420840661273,6.480087779781887e-38,159.53071305790615,0.633158403131761
LSST,16.0,Soft-DBA,14.287925859045808,237.13458813005525,194.05006433802825,5.7244450271149424e-43,159.6307308521818,0.6871751515787726
LSST,16.0,TEKA,14.696321684393068,216.0746191746076,196.36743247447453,9.540911982441949e-38,159.85345396843584,0.6368417711614932
LSST,42.0,DBA,14.753349489875076,274.6352139570131,201.33647283652928,7.605739060652033e-34,156.10945825403232,0.7538226328438957
LSST,42.0,Shape-DBA,14.541390054593368,214.70350264105687,187.3157843677896,2.0987876587956228e-14,150.14849494196108,0.508118806180775
LSST,42.0,Soft-DBA,14.694325331223348,272.00084089200783,198.58258860616343,3.9722424411517447e-32,154.62676531168182,0.7607674465206475
LSST,42.0,TEKA,14.02263291270305,241.2960733064385,179.98424671408625,1.3421914480953158e-31,149.72100718373375,0.7085095574133876
LSST,52.0,DBA,14.37547243304616,270.40143153403164,190.66874367916563,8.688250767334876e-43,155.63854806864748,0.7275113244068367
LSST,52.0,Shape-DBA,14.363942334011044,213.3999457294613,183.5216965951995,1.3773804108676753e-32,145.4692910762599,0.5588403011755102
LSST,52.0,Soft-DBA,14.373436814743272,267.92449524024454,188.9935253551655,2.7377964195455677e-40,153.64955073935585,0.724325987354972
LSST,52.0,TEKA,14.094813449201537,253.4519459593248,181.79691563648976,1.2896599837041003e-41,151.38481739232606,0.7396233007818432
LSST,53.0,DBA,15.148848568992388,279.36516525969824,216.6586400159612,3.966424660379534e-56,163.28178280693143,0.7626223586570685
LSST,53.0,Shape-DBA,13.474842093977829,192.11702275403485,164.0966105781255,2.139683361010709e-40,145.53018207642518,0.4143592268974416
LSST,53.0,Soft-DBA,15.191522904270304,277.59543035595647,216.89137040152488,3.9858072395595825e-55,161.98419165496009,0.7651110394337713
LSST,53.0,TEKA,14.406190314151347,243.46737008413984,193.17058027535128,2.4567175559097388e-55,155.79505904644697,0.7154374005329655
LSST,6.0,DBA,14.712022912637655,274.2288857335762,200.19971147472148,1.2606809516026592e-41,156.14064878073242,0.7266504836098402
LSST,6.0,Shape-DBA,13.879867098545652,201.308785707566,169.15942790014148,9.653832832486969e-31,141.74250496359323,0.5628458160151436
LSST,6.0,Soft-DBA,14.78091447173524,274.8042723981806,201.1181828147769,9.913277067090547e-41,154.80747396114862,0.7193988554766312
LSST,6.0,TEKA,14.2767559197105,244.46889576368,187.00972580514795,3.965229368412029e-38,148.16507032138094,0.7142750096326415
LSST,62.0,DBA,14.480008290660804,268.7146419915617,193.67258335773187,5.769931635406815e-37,151.7938018723596,0.7470185379708933
LSST,62.0,Shape-DBA,14.384248817825732,213.83416843201488,182.5263179878897,1.0011721115811702e-23,143.8424957950657,0.5546349495531271
LSST,62.0,Soft-DBA,14.451861692187189,267.35045087445195,191.7419880343894,2.9716809647346937e-35,150.34896727023423,0.7443013677656348
LSST,62.0,TEKA,13.975444734569637,242.42702202603795,177.3524996625951,6.689628678485904e-37,146.87104024520434,0.7470599067247891
LSST,64.0,DBA,14.68854930070412,252.46324754986915,207.3316776957774,3.1807703827034307e-75,162.4054737958575,0.7243127076058875
LSST,64.0,Shape-DBA,14.2695640183024,210.14807942060008,187.86567547584204,5.061475867214479e-66,151.1553704595579,0.5786024115889493
LSST,64.0,Soft-DBA,14.667741852914371,252.75170550855503,206.1966729049948,3.663597496288167e-74,161.6234551864702,0.7058940502121483
LSST,64.0,TEKA,14.274400374089913,225.6203810848031,190.99205276305327,7.878224105568388e-69,154.5209990705698,0.6360514495974434
LSST,65.0,DBA,14.10763600244206,235.85371832737388,187.8758515497518,9.455102118574581e-35,147.87347280188095,
LSST,65.0,Shape-DBA,14.588058201851354,215.1217894544261,190.28638717286492,4.846852851852038e-24,144.34667779578092,
LSST,65.0,Soft-DBA,14.079646221008831,230.26268731488332,184.84434358697908,1.065178339959785e-30,145.71237007330018,
LSST,65.0,TEKA,14.670682517886377,215.88071855688585,191.32023456582627,1.1978344363614885e-23,144.51254967582912,
LSST,67.0,DBA,14.268860879567583,259.5847919824482,188.87294403478532,2.5993674890710683e-44,150.96889382931886,0.7072755940831722
LSST,67.0,Shape-DBA,13.759404135429648,210.84315496118597,167.9357138347028,1.6432414800628383e-32,140.8415734004303,0.4095735207574117
LSST,67.0,Soft-DBA,14.142714489745655,254.83132999769435,184.3014503221237,3.7767970964036936e-39,149.8181047206239,0.6945457589566592
LSST,67.0,TEKA,13.73420168203806,222.42070432994063,170.0844021774934,6.776860402668017e-39,140.21726720893588,0.7059560566123246
LSST,88.0,DBA,13.793270521389571,293.2253582167791,183.21474859369087,2.5092900462324008e-59,189.61852479617184,0.807730807706523
LSST,88.0,Shape-DBA,14.511844031982571,215.26506471914303,189.1860161325158,3.3406875384859265e-51,178.48519369620783,0.5196521098460649
LSST,88.0,Soft-DBA,13.878426808600691,295.7909197661085,184.74735140997456,5.118044585254358e-60,187.97168416386813,0.8046209351752915
LSST,88.0,TEKA,13.273315735415698,259.0688512601764,167.6237231644954,1.140411962354033e-55,180.0982471624628,0.8026577264035953
LSST,90.0,DBA,14.148567367673875,263.5083785466508,184.1249840527207,4.5951750890315397e-32,153.3116542767876,0.729130104147656
LSST,90.0,Shape-DBA,13.76366205417345,210.68185850318335,167.20846359250643,1.7659975455983565e-19,144.2780828902753,0.4153872732021103
LSST,90.0,Soft-DBA,14.179669920297016,262.6456799026037,183.9420975887347,2.6133290482985715e-31,152.4408557072207,0.7315106694546236
LSST,90.0,TEKA,13.66215850793398,235.5098009995553,169.4385420047,3.8859850703698077e-29,146.8062378908667,0.715924615090127
LSST,92.0,DBA,14.393582395665728,238.14330653813784,200.66450983632825,1.003475437546809e-73,175.3804534332034,0.7475314470001896
LSST,92.0,Shape-DBA,14.4630191023141,214.22182732924296,196.65943400542585,3.143239071574036e-71,179.184335274915,0.6756871776888789
LSST,92.0,Soft-DBA,14.377739131876712,237.7700231094545,199.61850296774384,1.1414810425770737e-72,176.16373917806374,0.7414181751863247
LSST,92.0,TEKA,14.684134618283268,216.30436176500493,199.9761147329224,8.469204463647037e-72,180.56673215382955,0.672144045966592
LSST,95.0,DBA,15.30019098861794,297.62993311968887,216.89149173395475,1.1306005932044267e-39,165.62929963416374,0.817145407915006
LSST,95.0,Shape-DBA,14.52371181058122,213.68766731158263,188.83948483431607,3.327788878158028e-24,157.27555880443433,0.4906939411531227
LSST,95.0,Soft-DBA,15.084419246508858,288.79892936920174,208.20775273808107,7.088845075960802e-38,162.98282327398164,0.8222828303864738
LSST,95.0,TEKA,14.770930991764782,274.94054995247967,202.21627583324997,2.771097744326608e-43,162.92987072880646,0.8057569900513349
StandWalkJump,jumping,DBA,83.62176537066203,10923.352075361803,4354.598835281974,0.0,4905.49691154526,0.8927479444067699
StandWalkJump,jumping,Shape-DBA,64.98187663591965,5567.614351536053,1526.960743368467,0.0,4014.971076960488,0.6732710022322268
StandWalkJump,jumping,Soft-DBA,84.45664273218355,11098.221292704084,4463.095627747961,0.0,4957.016066879003,0.8926525420169042
StandWalkJump,jumping,TEKA,109.3151504762578,15496.367612672915,9745.886152640152,0.0,6140.153213061301,0.8735433407271304
StandWalkJump,standing,DBA,74.6327305721983,10963.012861774552,3067.437579206124,0.0,5620.291715975222,0.907299344031429
StandWalkJump,standing,Shape-DBA,44.32160303634632,2815.3759420577608,-692.779736390719,0.0,4367.0205284299045,0.7018731785729034
StandWalkJump,standing,Soft-DBA,77.81840866706057,11108.519950041744,3443.829365508672,0.0,5706.866655898913,0.904266392351317
StandWalkJump,standing,TEKA,92.628230246084,14270.171142985202,6644.814497560695,0.0,6745.2349168879855,0.8627353436551133
StandWalkJump,walking,DBA,81.07510007582216,10932.036806343356,4419.709390262263,0.0,5962.69437722176,0.910032494938977
StandWalkJump,walking,Shape-DBA,59.66850553690896,4872.597570997054,1421.9398478052988,0.0,5194.9392225198335,0.6953690292843401
StandWalkJump,walking,Soft-DBA,84.29641025795803,11237.89838897609,4880.76427391145,0.0,6035.754157093651,0.904933297442406
StandWalkJump,walking,TEKA,105.7677068629396,14753.239426080374,9146.513038992947,0.0,6547.502305335735,0.9004401576303722
UWaveGestureLibrary,1.0,DBA,31.2503311038366,1069.6591036751906,766.6172689167518,0.0,717.6916873727072,0.6049373976975637
UWaveGestureLibrary,1.0,Shape-DBA,16.006475949591497,298.5651827181441,-120.1083259268732,1.7640678342627864e-57,424.2379048052291,0.1935140060430639
UWaveGestureLibrary,1.0,Soft-DBA,33.49411492983181,1214.8543750387537,900.5860366827086,0.0,718.0166054620898,0.6052847824018558
UWaveGestureLibrary,1.0,TEKA,33.164624501503155,1219.199422243448,879.5899111843778,0.0,711.3747975852447,0.6239986276906411
UWaveGestureLibrary,2.0,DBA,29.05223588893101,1084.8151069823832,607.986219796181,0.0,714.5208571023417,0.6623874964155194
UWaveGestureLibrary,2.0,Shape-DBA,13.535732148460864,221.96148421042912,-219.75890457055053,7.919143139096589e-74,366.5822731540272,0.1696668841357753
UWaveGestureLibrary,2.0,Soft-DBA,30.768193032032016,1193.1246618282914,718.9398544455207,0.0,719.7744688661924,0.6694919917236346
UWaveGestureLibrary,2.0,TEKA,30.45950206740084,1184.2652319769472,695.339043787517,0.0,711.0786635858386,0.6770945410334601
UWaveGestureLibrary,3.0,DBA,31.694467250919647,1112.937720161402,808.5905169633788,4.410012161667266e-292,758.7074110728753,0.5923265566382975
UWaveGestureLibrary,3.0,Shape-DBA,18.170952545015687,390.5542022300834,-9.798096157206569,5.176341476185576e-110,497.4752324126957,0.2500466034046855
UWaveGestureLibrary,3.0,Soft-DBA,33.76683821601741,1232.4511241794755,933.350674491792,6.843e-321,753.1289133555706,0.6114883147404657
UWaveGestureLibrary,3.0,TEKA,33.45918489308746,1204.647316353365,895.3820434403549,0.0,764.2223163382016,0.6641794202518596
UWaveGestureLibrary,4.0,DBA,32.084286203842645,1162.867370956449,831.5519783787278,1.51699087044534e-309,771.8734489269581,0.6461442155934379
UWaveGestureLibrary,4.0,Shape-DBA,20.12403553920624,462.3300399813188,96.35394333200068,4.5605877431308965e-133,550.5522633389154,0.241013184248696
UWaveGestureLibrary,4.0,Soft-DBA,34.7837905329644,1338.284164585565,1001.9937816127136,1.505420652306e-311,753.0124083234576,0.6150494461989715
UWaveGestureLibrary,4.0,TEKA,35.01300894977474,1308.4118478463126,993.8080365949576,0.0,762.540235950854,0.6549580181150991
UWaveGestureLibrary,5.0,DBA,28.575740108492337,940.3182578628404,573.6622419553206,3.35546162118187e-257,747.4386966969114,0.6571686956284201
UWaveGestureLibrary,5.0,Shape-DBA,17.872863170883015,380.41977444373066,-14.53730185086747,2.7290656915156466e-104,472.3400599551447,0.2205852998288344
UWaveGestureLibrary,5.0,Soft-DBA,30.400283150954355,1012.991634575496,677.7151953650956,4.4327783703592446e-290,763.1570074097374,0.6639934991192853
UWaveGestureLibrary,5.0,TEKA,30.674213153158178,1022.5401331188524,686.3914004634801,8.487622068953769e-302,757.6422404265976,0.6578710643571889
UWaveGestureLibrary,6.0,DBA,28.19016796764453,1030.1643246599076,588.761243687603,1.09583408e-315,782.3102455286705,0.6705918545706643
UWaveGestureLibrary,6.0,Shape-DBA,20.020609637176957,489.3691175692088,116.78907596989242,3.504813469525071e-154,608.544226388511,0.3068407898549891
UWaveGestureLibrary,6.0,Soft-DBA,31.071968800429588,1161.6544928215155,744.2320289869788,0.0,787.5488623277685,0.6621218784732875
UWaveGestureLibrary,6.0,TEKA,31.833769901294172,1129.7002091864977,766.4615034553467,0.0,777.6319408891696,0.6612593111837102
UWaveGestureLibrary,7.0,DBA,30.84483110687481,1092.6122697663634,724.6683718166311,0.0,767.1156443434913,0.7501216941674276
UWaveGestureLibrary,7.0,Shape-DBA,16.520508082330224,307.2379216481693,-102.71108148598611,5.4854990421839343e-67,409.5290596082114,0.1638004627594056
UWaveGestureLibrary,7.0,Soft-DBA,33.22928364703928,1278.305379036425,878.5385297491769,0.0,778.3685388234993,0.7491892679397509
UWaveGestureLibrary,7.0,TEKA,33.05079563666808,1253.509328983596,851.9442528615809,0.0,765.3890307252378,0.778085630254943
UWaveGestureLibrary,8.0,DBA,27.214793194220796,858.7436157216546,482.6788382308974,0.0,772.1894683936216,0.7807669913942754
UWaveGestureLibrary,8.0,Shape-DBA,13.175685247447037,199.8928014817635,-243.84368026334775,7.865775101418302e-43,385.1816140312682,0.1546391111035945
UWaveGestureLibrary,8.0,Soft-DBA,30.11724681138561,1080.452153990528,651.691478245408,0.0,784.6315945659204,0.7718281453209738
UWaveGestureLibrary,8.0,TEKA,29.83350209455176,1051.432904336688,632.9398903083284,0.0,780.6240066462924,0.7895580286643956
